,CPI_All,CPI_Food,CPI_Apparel,CPI_Vehicles,CPI_Pharma,CPI_Household,ImportPrice,GSCPI,BDI
2015-01-01,234.747,245.764,126.129,146.104,441.351,235.735,126.0,-0.5043534959658189,
2015-02-01,235.342,246.056,125.96,146.316,441.101,236.2,125.5,-0.31893770790030757,
2015-03-01,235.976,245.685,126.626,146.672,442.943,236.602,125.3,-0.3820198770268562,
2015-04-01,236.222,245.615,126.39,147.024,445.822,237.086,125.1,-0.35044766826382046,
2015-05-01,237.001,245.886,125.831,147.327,446.743,237.21,126.5,-0.5474628820996832,
2015-06-01,237.657,246.511,125.51,147.489,446.33,237.804,126.6,-0.8665682909031791,
2015-07-01,238.034,246.733,125.689,147.462,446.953,238.334,125.4,-0.40818996844975697,
2015-08-01,238.033,247.295,126.166,147.41,446.612,238.7,123.2,-0.6803835522016591,
2015-09-01,237.498,247.984,126.011,147.611,447.648,239.236,121.9,-0.39682042660684513,
2015-10-01,237.733,248.288,125.323,147.481,450.681,239.593,121.5,-0.2383681092365776,
2015-11-01,238.017,248.075,125.724,147.466,452.225,240.001,120.8,-0.6387667502080359,
2015-12-01,237.761,247.761,126.042,147.272,452.732,240.224,119.3,-0.5968316663148125,
2016-01-01,237.652,247.967,124.999,146.706,454.194,240.673,117.8,-0.7952865391641585,
2016-02-01,237.336,248.244,125.898,147.374,456.922,241.124,117.2,-0.7507195369667566,
2016-03-01,238.08,247.699,125.843,147.443,457.723,241.587,117.7,-0.6530671060361121,
2016-04-01,238.992,247.906,125.782,147.213,459.245,242.071,118.5,-0.2742565089598152,
2016-05-01,239.557,247.575,126.707,147.175,460.487,242.833,119.9,-0.7069294805528341,
2016-06-01,240.222,247.42,126.276,147.046,462.09,243.515,120.7,-0.2855517152891921,
2016-07-01,240.101,247.406,125.881,147.303,464.439,244.224,120.8,-0.1663994150887617,
2016-08-01,240.545,247.479,126.148,147.335,469.02,244.911,120.5,0.09481629968632599,
2016-09-01,241.176,247.528,125.914,147.482,469.816,245.755,120.6,-0.2913512206201005,
2016-10-01,241.741,247.596,126.521,147.784,469.749,246.48,121.2,-0.051403216100580615,
2016-11-01,242.026,247.525,126.605,147.737,469.914,246.985,121.1,-0.30372875433059887,
2016-12-01,242.637,247.53,126.185,147.686,470.539,247.543,121.6,-0.2176410894852285,
2017-01-01,243.618,247.9,126.044,148.166,471.484,248.164,122.3,0.16982977858226422,
2017-02-01,244.006,248.513,126.058,148.284,473.139,248.807,122.7,0.15104973470414793,
2017-03-01,243.892,249.02,126.397,148.053,473.685,249.098,122.5,0.07992465019598975,
2017-04-01,244.193,249.381,126.301,148.147,473.007,249.8,122.8,0.01214040408473902,
2017-05-01,244.004,249.711,125.651,147.786,472.981,250.408,122.7,-0.13879959228798022,
2017-06-01,244.163,249.519,125.508,147.097,474.492,250.933,122.4,0.09079032918100949,
2017-07-01,244.243,249.937,125.368,146.198,476.279,251.21,122.2,0.09309655245291948,
2017-08-01,245.183,250.21,125.39,146.097,477.199,252.086,122.9,0.39149377497959503,
2017-09-01,246.435,250.587,125.759,145.747,477.19,252.603,123.9,0.5559531646415311,
2017-10-01,246.626,250.816,125.961,145.474,477.671,253.292,124.1,0.7946991511283857,
2017-11-01,247.284,250.996,125.024,145.901,477.791,253.798,125.3,0.8130710910481517,
2017-12-01,247.805,251.49,124.234,146.79,478.891,254.575,125.5,0.6880168178209334,
2018-01-01,248.859,252.116,124.855,147.787,480.797,255.117,126.5,0.5902000072882349,
2018-02-01,249.529,252.038,125.839,147.386,481.6,255.827,126.8,0.06174038650950392,
2018-03-01,249.577,252.154,126.489,147.475,483.078,256.508,126.5,0.43784204558804113,
2018-04-01,250.227,252.661,127.326,145.964,483.577,257.232,127.1,0.5191306854406135,
2018-05-01,250.792,252.634,127.464,145.786,484.543,257.894,128.2,0.3788056550516838,
2018-06-01,251.018,252.968,126.384,145.769,486.209,258.004,128.2,0.43670902031892767,
2018-07-01,251.214,253.365,125.676,145.466,485.246,258.594,128.1,0.4492399221251234,
2018-08-01,251.663,253.677,123.451,145.491,484.273,259.39,127.6,0.5329551609606414,
2018-09-01,252.182,254.103,125.143,145.434,485.039,259.582,127.7,0.4688056920968355,
2018-10-01,252.772,254.012,126.021,145.457,485.652,260.391,128.3,0.5340281736103151,
2018-11-01,252.594,254.732,125.099,146.183,487.615,261.054,126.2,0.45781051159902564,
2018-12-01,252.767,255.681,124.356,147.281,488.82,262.124,124.4,0.46628013750423064,
2019-01-01,252.561,256.302,124.466,147.792,489.968,262.46,124.6,0.5134029424601283,
2019-02-01,253.319,256.998,124.526,147.755,490.16,263.144,125.9,0.1490073628579477,
2019-03-01,254.277,257.374,123.666,148.452,491.412,263.951,126.6,0.21795067005298283,
2019-04-01,255.233,257.018,123.901,147.686,492.97,264.649,126.8,0.022962151031710544,
2019-05-01,255.296,257.523,123.764,147.143,494.859,265.129,127.0,-0.6170289057558144,
2019-06-01,255.213,257.664,124.75,146.697,495.745,265.866,125.6,-0.46910797070122506,
2019-07-01,255.802,257.836,124.731,146.081,497.714,266.527,125.6,-0.4451205461088398,
2019-08-01,256.036,258.046,124.532,145.841,500.662,266.832,124.9,-0.2851277897880911,
2019-09-01,256.43,258.575,124.795,145.559,501.71,267.574,125.0,0.13938758019509834,
2019-10-01,257.155,259.088,123.489,145.596,506.433,267.93,124.5,0.09775428873441555,
2019-11-01,257.879,259.624,123.55,146.098,508.315,268.444,124.7,0.15567364962186986,
2019-12-01,258.63,260.052,122.859,147.316,510.875,268.86,125.0,0.04704921699923715,
2020-01-01,259.127,260.858,122.477,147.877,511.854,269.689,125.2,0.06164755584241646,
2020-02-01,259.25,261.567,122.952,148.23,512.967,270.365,124.3,1.305139903359892,
2020-03-01,258.076,262.239,121.558,147.67,514.743,270.321,121.3,2.6608765757167636,
2020-04-01,256.032,265.777,117.065,146.838,516.77,270.366,118.2,3.3597119426134783,
2020-05-01,255.802,267.464,114.244,146.749,519.152,270.785,119.0,2.546631442544306,
2020-06-01,257.042,268.849,115.665,146.449,520.867,271.26,120.6,2.246200403170443,
2020-07-01,258.352,267.824,116.576,146.961,522.675,271.942,122.1,2.9733912804024776,
2020-08-01,259.316,268.271,116.907,146.898,522.922,272.539,123.2,1.4940842312423177,
2020-09-01,259.997,268.354,117.157,147.137,522.947,272.895,123.4,0.6307046276143272,
2020-10-01,260.319,269.007,117.158,147.907,520.943,273.154,123.3,0.1149621895243625,
2020-11-01,260.911,269.066,117.411,148.443,520.567,273.806,123.4,0.7750284847037366,
2020-12-01,262.045,270.088,117.967,150.089,519.866,274.303,124.6,1.711980288255203,
2021-01-01,262.639,270.525,119.233,149.989,521.774,274.435,126.5,1.3633997720523066,
2021-02-01,263.573,270.798,118.398,149.941,523.455,275.136,128.0,1.9923338759914253,
2021-03-01,264.847,271.083,118.481,149.842,523.943,276.028,129.9,2.3163654810759615,
2021-04-01,266.625,272.061,119.495,149.757,524.39,277.441,131.1,2.8149111035983165,
2021-05-01,268.404,273.142,120.612,151.665,523.935,278.625,132.8,3.0926300880109183,
2021-06-01,270.71,275.189,121.171,154.141,523.117,279.786,134.2,2.8153003063542132,
2021-07-01,271.965,276.845,121.318,156.328,524.376,281.076,134.6,2.985921759605149,
2021-08-01,272.752,278.062,121.569,158.108,524.785,282.074,134.3,3.3622317210648602,
2021-09-01,273.942,280.26,121.124,159.999,525.098,283.496,134.9,3.4336757002083225,
2021-10-01,276.528,282.727,122.522,162.483,527.688,285.495,136.9,3.984346167502627,
2021-11-01,278.824,284.68,123.62,164.94,529.529,286.923,137.9,4.3834383560498225,
2021-12-01,280.806,286.33,124.887,167.732,531.041,288.252,137.4,4.462825104589764,
2022-01-01,282.542,288.611,125.561,168.269,534.649,289.925,140.1,3.76263906836827,
2022-02-01,284.525,291.415,126.129,168.507,536.283,291.442,142.6,2.833068630244592,
2022-03-01,287.467,294.049,126.456,168.643,538.973,293.498,146.8,2.887334341423766,
2022-04-01,288.582,296.59,125.96,169.548,541.35,295.468,147.5,3.5869533506444204,
2022-05-01,291.299,299.751,126.53,170.814,543.521,297.911,148.2,2.7883464884316065,
2022-06-01,295.072,302.783,127.274,171.761,546.84,300.401,148.5,2.4577491194875902,
2022-07-01,294.94,305.859,127.344,172.653,549.967,301.896,146.4,1.8580292825268172,
2022-08-01,295.162,308.423,127.493,174.003,553.036,304.249,144.6,1.5336546940243383,
2022-09-01,296.421,310.391,127.712,175.049,556.558,306.271,143.1,1.0465392772802218,
2022-10-01,297.979,312.58,127.76,176.113,554.071,307.991,142.7,1.1516202255621357,
2022-11-01,298.708,314.067,128.386,176.815,551.402,309.309,141.6,1.2758133475024969,
2022-12-01,298.808,315.353,128.69,177.609,551.943,311.432,141.8,1.3426977264350193,
2023-01-01,300.456,316.972,129.414,177.968,550.887,313.783,141.3,1.0928200630545715,
2023-02-01,301.476,318.127,130.244,178.332,548.946,315.343,141.0,-0.21293162487085748,
2023-03-01,301.643,318.276,130.443,178.924,547.054,316.34,139.9,-1.1510131883359858,
2023-04-01,302.858,318.752,130.436,178.774,547.039,317.414,140.3,-1.2941327254241428,
2023-05-01,303.316,319.515,130.833,178.778,547.452,318.159,139.7,-1.576310228897075,
2023-06-01,304.099,319.98,130.955,178.728,547.487,319.392,139.4,-1.1072844457122182,
2023-07-01,304.615,320.574,131.265,178.722,547.356,320.599,139.4,-0.9450576461762975,
2023-08-01,306.138,321.444,131.268,179.095,547.848,321.619,140.3,-1.068468194573864,
2023-09-01,307.374,321.902,130.56,179.488,548.636,323.299,141.0,-0.6519497791160455,
2023-10-01,307.653,322.975,131.257,179.41,549.746,324.182,140.1,-0.36574634282814267,
2023-11-01,308.087,323.296,130.192,179.196,552.23,325.457,139.4,0.16796700564786088,
2023-12-01,308.735,323.898,130.269,179.374,554.294,326.476,138.4,-0.1629928622776023,
2024-01-01,309.794,325.014,129.554,179.273,556.567,328.362,139.4,-0.3436856814710733,
2024-02-01,311.022,325.257,130.223,179.106,556.727,329.645,139.7,-0.1882294181702537,
2024-03-01,312.107,325.455,130.962,178.803,559.182,331.013,140.5,-0.3477646023813629,
2024-04-01,313.016,325.86,132.098,178.164,561.416,331.746,141.7,-0.9509814091239708,
2024-05-01,313.14,326.306,131.816,177.42,564.235,332.654,141.5,-0.575705947857366,
2024-06-01,313.131,327.089,131.798,177.149,565.299,333.42,141.6,-0.3445684321727336,
2024-07-01,313.566,327.565,131.448,176.895,564.919,334.521,141.8,-0.04673976314122879,
2024-08-01,314.131,328.057,131.581,176.95,564.364,335.606,141.4,0.20629412255820398,
2024-09-01,314.851,329.075,132.886,177.176,566.497,336.524,140.9,0.10382619535982646,
2024-10-01,315.564,329.809,131.706,177.141,567.835,337.759,141.1,-0.34286297762899254,
2024-11-01,316.449,330.809,131.814,177.974,569.16,338.894,141.3,-0.28160483004816317,
2024-12-01,317.603,331.642,131.986,178.62,569.902,339.853,141.4,-0.2628874566360383,
2025-01-01,319.086,332.84,130.16,178.683,571.234,340.995,141.8,-0.18249162361882326,
2025-02-01,319.775,333.45,130.935,178.551,572.797,342.32,142.1,-0.00065339989724061,
2025-03-01,319.615,334.859,131.415,178.724,573.966,343.292,141.6,-0.18071171446801956,
2025-04-01,320.321,334.616,131.156,178.709,576.785,344.919,141.7,-0.24677513609869664,
2025-05-01,320.58,335.489,130.599,178.188,578.236,345.867,141.0,0.2762301692054943,
2025-06-01,321.5,336.555,131.161,177.589,580.978,346.957,140.7,0.12599004002431158,
2025-07-01,322.132,336.718,131.253,177.62,584.77,347.713,141.0,0.09422396175336538,
2025-08-01,323.364,338.285,131.912,178.111,583.832,348.967,141.4,-0.03592267089747725,
2025-09-01,,,,,,,,0.027281545308640846,
2025-10-01,,,,,,,,,
