"Date","Loaded Inbound","Loaded Outbound","Total Loaded","Empty Inbound","Empty Outbound","Total Empties","Total"
"Sep 2025","388,084","85,081","473,165","15,390","308,982","324,372","797,537"
"Aug 2025","440,318","95,960","536,278","15,007","350,560","365,568","901,846"
"Jul 2025","468,081","91,328","559,408","13,474","371,350","384,824","944,232"
"Jun 2025","348,681","87,627","436,308","13,098","254,997","268,095","704,403"
"May 2025","299,116","82,149","381,265","15,424","242,471","257,895","639,160"
"Apr 2025","419,828","93,842","513,670","17,368","336,456","353,823","867,493"
"Mar 2025","380,562","104,063","484,625","17,213","315,619","332,833","817,457"
"Feb 2025","368,669","90,026","458,695","14,397","292,293","306,690","765,385"
"Jan 2025","471,649","98,655","570,303","13,225","369,205","382,430","952,733"
"Dec 2024","412,876","100,792","513,668","14,483","332,855","347,338","861,006"
"Nov 2024","432,823","119,083","551,905","15,306","316,944","332,249","884,154"
"Oct 2024","487,563","112,845","600,408","14,646","372,136","386,782","987,191"
"Sep 2024","416,999","88,289","505,288","13,382","310,829","324,211","829,499"
"Aug 2024","456,868","104,646","561,513","13,610","338,750","352,360","913,873"
"Jul 2024","435,081","104,834","539,914","16,959","325,503","342,462","882,376"
"Jun 2024","419,698","98,300","517,998","13,906","310,542","324,448","842,446"
"May 2024","345,271","100,885","446,156","13,890","235,892","249,781","695,937"
"Apr 2024","364,665","98,266","462,931","13,270","274,223","287,493","750,424"
"Mar 2024","302,521","105,099","407,619","15,714","230,750","246,463","654,082"
"Feb 2024","329,850","87,474","417,323","12,930","244,470","257,400","674,723"
"Jan 2024","325,339","86,525","411,864","12,982","249,169","262,151","674,015"
"Dec 2023","333,329","103,688","437,017","15,637","257,166","272,802","709,819"
"Nov 2023","355,339","108,798","464,137","15,064","251,833","266,896","731,033"
"Oct 2023","363,300","90,073","453,373","14,817","286,960","301,777","755,150"
"Sep 2023","408,926","101,248","510,174","18,448","300,807","319,255","829,429"
"Aug 2023","325,436","93,402","418,838","15,277","248,198","263,474","682,312"
"Jul 2023","271,086","90,134","361,220","16,934","200,096","217,030","578,249"
"Jun 2023","274,325","94,508","368,833","14,115","214,128","228,243","597,076"
"May 2023","361,661","127,870","489,530","12,970","255,725","268,695","758,225"
"Apr 2023","313,444","122,663","436,107","16,816","203,127","219,943","656,049"
"Mar 2023","279,148","133,512","412,660","14,312","176,907","191,218","603,878"
"Feb 2023","254,970","110,919","365,889","13,258","164,529","177,787","543,675"
"Jan 2023","263,394","105,623","369,017","13,298","191,458","204,755","573,772"
"Dec 2022","241,643","115,782","357,424","15,982","170,698","186,680","544,104"
"Nov 2022","259,442","124,988","384,430","17,767","186,546","204,313","588,742"
"Oct 2022","293,924","119,761","413,685","16,518","228,225","244,743","658,428"
"Sep 2022","342,671","112,940","455,611","16,693","269,519","286,212","741,823"
"Aug 2022","384,530","121,408","505,938","12,444","288,558","301,001","806,940"
"Jul 2022","376,175","109,411","485,586","14,887","285,370","300,257","785,843"
"Jun 2022","415,677","115,303","530,980","14,644","289,788","304,433","835,412"
"May 2022","436,977","118,234","555,211","10,673","325,105","335,778","890,989"
"Apr 2022","400,803","121,876","522,679","12,895","285,145","298,039","820,718"
"Mar 2022","427,280","114,185","541,465","11,597","310,094","321,691","863,156"
"Feb 2022","390,335","117,935","508,270","11,617","276,673","288,290","796,560"
"Jan 2022","389,334","123,060","512,394","12,492","276,058","288,550","800,943"
"Dec 2021","358,687","113,918","472,605","12,525","269,184","281,709","754,314"
"Nov 2021","362,394","109,821","472,215","11,090","262,184","273,274","745,488"
"Oct 2021","385,000","122,214","507,214","12,129","270,373","282,502","789,716"
"Sep 2021","370,230","110,787","481,016","13,492","253,964","267,456","748,472"
"Aug 2021","407,426","119,485","526,911","12,289","268,505","280,794","807,704"
"Jul 2021","382,940","109,951","492,890","15,592","276,363","291,955","784,845"
"Jun 2021","357,101","116,947","474,048","12,634","237,615","250,249","724,297"
"May 2021","444,736","135,345","580,081","13,065","314,070","327,135","907,216"
"Apr 2021","367,151","124,069","491,220","11,577","243,392","254,968","746,188"
"Mar 2021","408,172","139,710","547,882","13,488","279,016","292,505","840,387"
"Feb 2021","373,756","119,416","493,172","13,132","265,431","278,563","771,735"
"Jan 2021","364,255","116,254","480,509","13,277","270,221","283,497","764,006"
"Dec 2020","406,072","132,374","538,446","13,588","263,852","277,440","815,885"
"Nov 2020","382,677","117,283","499,960","13,117","240,447","283,563","783,523"
"Oct 2020","402,408","114,679","517,086","14,528","274,988","289,517","806,603"
"Sep 2020","405,618","112,556","518,173","11,335","266,071","277,406","795,580"
"Aug 2020","364,792","126,177","490,969","13,691","220,951","234,642","725,610"
"Jul 2020","376,807","138,602","515,408","12,755","224,918","237,672","753,081"
"Jun 2020","300,714","117,538","418,252","11,300","172,628","183,928","602,180"
"May 2020","312,590","134,556","447,145","9,219","171,841","181,060","628,205"
"Apr 2020","253,540","102,502","356,042","17,758","145,931","163,688","519,730"
"Mar 2020","234,570","145,442","380,012","12,352","125,300","137,652","517,664"
"Feb 2020","248,592","125,559","374,151","9,291","154,986","164,277","538,428"
"Jan 2020","309,961","108,624","418,585","7,437","200,807","208,244","626,829"
"Dec 2019","323,231","125,395","448,626","7,783","208,852","216,636","665,262"
"Nov 2019","293,287","123,705","416,992","6,263","176,730","182,992","599,984"
"Oct 2019","337,062","131,635","468,697","5,155","214,574","219,728","688,425"
"Sep 2019","354,919","123,215","478,134","4,606","224,215","228,821","706,955"
"Aug 2019","322,780","124,975","447,755","7,160","209,078","216,238","663,993"
"Jul 2019","313,350","111,654","425,004","4,862","191,914","196,777","621,781"
"Jun 2019","331,617","133,833","465,450","6,221","205,497","211,718","677,168"
"May 2019","290,568","120,577","411,145","4,887","157,592","162,479","573,624"
"Apr 2019","317,883","123,804","441,687","6,713","179,721","186,435","628,122"
"Mar 2019","247,039","131,436","378,475","9,033","165,313","174,346","552,821"
"Feb 2019","302,865","105,287","408,152","5,734","182,731","188,465","596,617"
"Jan 2019","323,838","117,288","441,126","6,290","209,870","216,160","657,286"
"Dec 2018","373,098","113,329","486,427","8,698","246,522","255,220","741,647"
"Nov 2018","319,877","115,774","435,651","5,299","180,884","186,183","621,834"
"Oct 2018","364,084","119,837","483,921","5,692","215,795","221,487","705,408"
"Sep 2018","357,301","121,561","478,862","6,928","215,415","222,343","701,205"
"Aug 2018","343,029","119,546","462,575","7,667","209,301","216,968","679,543"
"Jul 2018","347,736","119,747","467,483","7,112","213,863","220,975","688,458"
"Jun 2018","384,095","135,168","519,263","7,475","225,452","232,926","752,189"
"May 2018","361,056","142,412","503,468","7,394","176,565","183,959","687,427"
"Apr 2018","312,376","141,799","454,175","10,954","153,311","164,264","618,439"
"Mar 2018","267,824","142,419","410,243","10,238","154,777","165,015","575,258"
"Feb 2018","342,247","130,916","473,163","7,664","180,964","188,628","661,791"
"Jan 2018","324,656","120,503","445,159","6,245","206,426","212,671","657,830"
"Dec 2017","345,721","137,449","483,170","7,767","205,982","213,749","696,919"
"Nov 2017","319,210","126,364","445,574","6,203","160,882","167,085","612,659"
"Oct 2017","339,013","126,150","465,163","5,679","198,376","204,055","669,218"
"Sep 2017","366,298","125,336","491,634","5,265","204,720","209,985","701,619"
"Aug 2017","355,715","117,290","473,005","5,333","214,037","219,370","692,375"
"Jul 2017","378,820","126,098","504,918","6,880","208,514","215,394","720,312"
"Jun 2017","335,328","118,304","453,632","6,232","198,863","205,095","658,727"
"May 2017","336,594","118,786","455,380","6,294","186,614","192,908","648,288"
"Apr 2017","288,207","116,260","404,467","6,381","147,166","153,547","558,014"
"Mar 2017","249,534","120,435","369,969","6,761","128,652","135,413","505,382"
"Feb 2017","249,759","119,811","369,570","5,749","122,993","128,742","498,312"
"Jan 2017","298,990","118,234","417,224","7,168","158,297","165,465","582,689"
"Dec 2016","271,599","122,933","394,532","7,835","146,562","154,397","548,929"
"Nov 2016","270,610","120,897","391,507","8,555","134,246","142,801","534,308"
"Oct 2016","296,711","126,770","423,481","8,716","149,612","158,327","581,808"
"Sep 2016","282,945","120,383","403,328","7,539","135,937","143,476","546,804"
"Aug 2016","321,625","159,247","480,872","8,620","151,538","160,157","641,029"
"Jul 2016","325,608","142,812","468,420","9,884","158,787","168,671","637,091"
"Jun 2016","313,526","128,099","441,625","7,473","154,242","161,714","603,339"
"May 2016","330,639","138,594","469,233","8,353","162,980","171,333","640,566"
"Apr 2016","247,316","112,805","360,121","6,407","112,314","118,721","478,842"
"Mar 2016","207,635","127,210","334,845","9,839","120,172","130,010","464,855"
"Feb 2016","295,870","123,010","418,880","6,914","135,618","142,532","561,412"
"Jan 2016","278,491","106,739","385,230","9,214","141,743","150,958","536,188"
"Dec 2015","296,002","126,118","422,120","9,502","164,826","174,328","596,448"
"Nov 2015","306,654","124,717","431,371","8,100","180,228","188,328","619,699"
"Oct 2015","307,995","128,308","436,303","11,402","172,279","183,681","619,984"
"Sep 2015","332,909","125,639","458,548","10,382","186,691","197,076","655,624"
"Aug 2015","358,262","138,765","497,027","8,169","198,457","206,625","703,652"
"Jul 2015","345,912","143,875","489,787","6,510","193,948","200,457","690,244"
"Jun 2015","297,189","128,223","425,412","5,843","152,366","158,209","583,621"
"May 2015","327,317","135,855","463,172","7,390","164,688","172,078","635,250"
"Apr 2015","317,376","137,546","454,922","8,014","151,924","159,938","614,860"
"Mar 2015","317,520","127,337","444,857","11,842","173,385","185,227","630,084"
"Feb 2015","204,462","110,711","315,173","6,493","91,449","97,941","413,114"
"Jan 2015","213,667","98,462","312,129","7,915","109,447","117,361","429,490"
"Dec 2014","276,516","131,496","408,012","11,005","148,220","159,225","567,237"
"Nov 2014","293,984","129,960","423,944","11,197","146,374","157,570","581,514"
"Oct 2014","310,482","120,445","430,927","8,543","143,539","152,082","583,009"
"Sep 2014","339,343","118,412","457,755","7,181","164,835","172,016","629,771"
"Aug 2014","300,851","126,856","427,707","7,075","138,301","145,376","573,083"
"Jul 2014","297,615","124,126","421,741","6,038","155,281","161,319","583,060"
"Jun 2014","316,054","140,034","456,088","6,802","147,626","154,428","610,516"
"May 2014","312,439","146,702","459,141","6,348","134,020","140,368","599,509"
"Apr 2014","295,712","146,498","442,210","5,255","122,378","127,633","569,843"
"Mar 2014","223,432","153,883","377,315","8,417","91,478","99,894","477,209"
"Feb 2014","271,671","143,572","415,243","5,120","96,811","101,930","517,173"
"Jan 2014","279,415","122,411","401,826","6,204","120,855","127,058","528,884"
"Dec 2013","291,434","148,150","439,584","6,471","136,388","142,859","582,443"
"Nov 2013","296,638","151,950","448,588","7,875","113,137","121,011","569,599"
"Oct 2013","298,271","141,457","439,728","5,455","131,319","136,774","576,502"
"Sep 2013","307,981","134,676","442,657","6,329","138,128","144,457","587,114"
"Aug 2013","327,817","154,118","481,935","6,339","142,018","148,357","630,292"
"Jul 2013","294,926","132,290","427,216","4,808","130,141","134,950","562,166"
"Jun 2013","290,448","133,800","424,248","6,228","135,001","141,228","565,476"
"May 2013","305,498","147,073","452,571","5,347","125,670","131,017","583,588"
"Apr 2013","264,337","137,864","402,201","5,942","111,321","117,263","519,464"
"Mar 2013","224,913","156,212","381,125","7,514","98,061","105,574","486,699"
"Feb 2013","279,144","140,626","419,770","4,685","106,512","111,197","530,967"
"Jan 2013","273,918","126,714","400,632","4,770","130,862","135,631","536,263"
"Dec 2012","295,579","135,561","431,140","6,896","122,085","128,980","560,120"
"Nov 2012","278,534","138,312","416,846","6,107","132,560","138,667","555,513"
"Oct 2012","276,698","133,503","410,201","4,674","115,439","120,112","530,313"
"Sep 2012","265,102","114,902","380,004","6,779","125,237","132,016","512,020"
"Aug 2012","274,977","128,225","403,202","7,860","132,383","140,243","543,445"
"Jul 2012","261,233","124,574","385,807","7,974","128,705","136,679","522,486"
"Jun 2012","280,526","133,649","414,175","8,624","132,560","141,184","555,359"
"May 2012","249,937","129,083","379,020","6,860","112,012","118,872","497,892"
"Apr 2012","232,963","120,452","353,415","5,870","102,627","108,496","461,911"
"Mar 2012","226,141","144,838","370,979","6,052","84,559","90,611","461,590"
"Feb 2012","191,475","120,006","311,481","8,000","69,109","77,108","388,589"
"Jan 2012","229,125","117,083","346,208","6,911","103,305","110,216","456,424"
"Dec 2011","248,609","129,229","377,838","11,497","120,615","132,106","509,944"
"Nov 2011","231,749","111,011","342,760","8,439","108,682","117,121","459,881"
"Oct 2011","240,248","118,325","358,573","8,117","120,974","129,092","487,665"
"Sep 2011","263,214","118,214","381,428","8,102","137,647","145,747","527,175"
"Aug 2011","267,198","121,277","388,475","7,270","140,183","147,454","535,929"
"Jul 2011","290,314","126,968","417,282","9,701","145,944","155,644","572,926"
"Jun 2011","271,113","126,588","397,701","8,058","148,510","156,568","554,269"
"May 2011","275,100","130,161","405,261","7,335","124,086","131,420","536,681"
"Apr 2011","270,107","143,683","413,790","11,518","105,781","117,300","531,090"
"Mar 2011","191,211","131,761","322,972","10,916","78,348","89,263","412,235"
"Feb 2011","233,660","121,929","355,589","8,396","94,351","102,747","458,336"
"Jan 2011","242,445","127,546","369,991","8,092","96,876","104,969","474,960"
"Dec 2010","256,889","141,140","398,029","10,353","114,929","125,282","523,311"
"Nov 2010","274,480","142,628","417,108","10,750","130,449","141,199","558,307"
"Oct 2010","303,168","150,581","453,749","8,334","151,538","159,872","613,621"
"Sep 2010","288,905","124,021","412,926","6,744","155,119","161,864","574,790"
"Aug 2010","311,240","126,039","437,279","7,802","165,922","173,723","611,002"
"Jul 2010","293,878","126,177","420,055","8,525","159,301","167,826","587,881"
"Jun 2010","262,053","116,112","378,165","7,852","134,083","141,935","520,100"
"May 2010","264,505","138,659","403,164","6,651","114,901","121,551","524,715"
"Apr 2010","241,245","130,155","371,400","8,943","104,716","113,659","485,059"
"Mar 2010","206,652","130,495","337,147","6,966","78,662","85,627","422,774"
"Feb 2010","207,920","123,208","331,128","5,382","76,624","82,006","413,134"
"Jan 2010","217,925","113,183","331,108","7,606","90,092","97,697","428,805"
"Dec 2009","232,586","123,084","355,670","7,831","103,736","111,567","467,237"
"Nov 2009","228,347","114,283","342,630","4,547","98,996","105,521","448,151"
"Oct 2009","227,064","119,194","346,258","4,358","100,080","106,160","452,418"
"Sep 2009","224,924","109,337","334,261","6,207","99,896","106,103","440,364"
"Aug 2009","249,920","130,623","380,543","6,564","106,233","112,796","493,339"
"Jul 2009","221,719","108,420","330,139","6,361","96,513","102,874","433,013"
"Jun 2009","206,358","114,107","320,465","6,425","86,458","92,882","413,347"
"May 2009","208,590","121,065","329,655","7,888","82,013","89,900","419,555"
"Apr 2009","199,051","112,976","312,027","9,425","87,253","96,678","408,705"
"Mar 2009","186,450","117,674","304,124","6,602","63,405","70,007","374,131"
"Feb 2009","149,299","92,781","242,080","8,160","67,802","75,962","318,042"
"Jan 2009","200,588","88,510","289,098","8,033","102,164","110,197","399,295"
"Dec 2008","205,031","94,009","299,040","10,311","120,595","130,906","429,946"
"Nov 2008","267,840","109,850","377,690","13,651","166,119","179,769","557,459"
"Oct 2008","292,456","132,521","424,977","10,408","159,804","170,212","595,189"
"Sep 2008","279,137","129,630","408,767","6,539","139,531","146,070","554,837"
"Aug 2008","283,174","153,467","436,641","13,313","122,303","135,615","572,256"
"Jul 2008","272,350","153,364","425,714","9,339","128,650","137,989","563,703"
"Jun 2008","288,339","160,180","448,519","9,437","121,719","131,156","579,675"
"May 2008","267,381","158,798","426,179","9,398","93,434","102,832","529,011"
"Apr 2008","280,553","163,577","444,130","8,058","104,398","112,455","556,585"
"Mar 2008","228,328","162,679","391,007","8,849","98,258","107,107","498,114"
"Feb 2008","263,231","147,275","410,506","6,445","112,748","119,193","529,699"
"Jan 2008","261,543","121,701","383,244","7,166","130,932","138,098","521,342"
"Dec 2007","280,482","142,940","423,422","6,654","145,280","151,933","575,355"
"Nov 2007","310,068","143,848","453,916","8,147","149,543","157,690","611,606"
"Oct 2007","323,131","144,839","467,970","6,855","169,749","176,603","644,573"
"Sep 2007","331,507","134,842","466,349","9,135","178,625","187,760","654,109"
"Aug 2007","326,646","141,410","468,056","12,804","177,044","189,848","657,904"
"Jul 2007","332,402","135,089","467,491","6,859","173,078","179,937","647,428"
"Jun 2007","339,411","140,967","480,378","10,465","171,376","181,841","662,219"
"May 2007","316,666","127,061","443,727","6,705","155,824","162,529","606,256"
"Apr 2007","303,138","121,191","424,329","7,407","147,500","154,906","579,235"
"Mar 2007","252,998","125,529","378,527","11,149","151,431","162,580","541,107"
"Feb 2007","284,800","108,215","393,015","6,076","142,113","148,189","541,204"
"Jan 2007","303,344","108,310","411,654","8,055","171,761","179,815","591,469"
"Dec 2006","282,726","111,838","394,564","7,123","173,540","180,663","575,227"
"Nov 2006","332,806","107,738","440,544","6,575","207,877","214,453","654,997"
"Oct 2006","335,688","109,318","445,006","8,009","197,711","205,720","650,726"
"Sep 2006","317,661","98,660","416,321","10,106","188,313","198,418","614,739"
"Aug 2006","347,829","105,256","453,085","10,221","211,753","221,973","675,058"
"Jul 2006","305,117","100,861","405,978","9,494","167,453","176,947","582,925"
"Jun 2006","319,737","101,828","421,565","6,055","189,383","195,437","617,002"
"May 2006","328,314","115,158","443,472","9,168","191,425","200,594","644,066"
"Apr 2006","321,044","111,755","432,799","7,891","178,823","186,713","619,512"
"Mar 2006","282,440","118,728","401,168","9,620","150,407","160,026","561,194"
"Feb 2006","252,463","109,963","362,426","7,940","145,098","153,038","515,464"
"Jan 2006","293,855","99,740","393,595","10,581","175,280","185,860","579,455"
"Dec 2005","266,358","104,184","370,542","13,472","161,758","175,230","545,772"
"Nov 2005","305,065","107,147","412,212","12,744","185,690","198,432","610,644"
"Oct 2005","299,203","103,422","402,625","12,480","185,834","198,315","600,940"
"Sep 2005","313,460","97,009","410,469","11,466","188,334","199,800","610,269"
"Aug 2005","306,124","110,750","416,874","11,567","186,921","198,487","615,361"
"Jul 2005","289,518","106,917","396,435","11,324","165,541","176,865","573,300"
"Jun 2005","294,252","101,381","395,633","8,780","172,192","180,971","576,604"
"May 2005","288,031","106,034","394,065","8,908","161,913","170,821","564,886"
"Apr 2005","270,920","107,609","378,529","8,545","151,429","159,972","538,501"
"Mar 2005","210,093","104,519","314,612","14,256","137,151","151,407","466,019"
"Feb 2005","250,245","90,867","341,112","10,324","146,489","156,813","497,925"
"Jan 2005","252,785","81,580","334,365","9,894","165,338","175,232","509,597"
"Dec 2004","269,495","93,377","362,872","13,081","175,386","188,467","551,339"
"Nov 2004","295,717","99,436","395,153","10,692","176,769","187,461","582,614"
"Oct 2004","288,590","85,824","374,414","10,959","172,292","183,251","557,665"
"Sep 2004","255,592","76,190","331,782","9,136","153,458","162,594","494,376"
"Aug 2004","274,914","79,339","354,253","9,410","157,241","166,651","520,904"
"Jul 2004","281,817","82,441","364,258","11,395","154,011","165,405","529,663"
"Jun 2004","260,752","82,218","342,970","9,944","141,184","151,128","494,098"
"May 2004","242,910","84,502","327,412","9,628","130,990","140,617","468,029"
"Apr 2004","227,046","79,825","306,871","8,740","125,449","134,190","441,061"
"Mar 2004","235,500","94,823","330,323","12,614","105,461","118,075","448,398"
"Feb 2004","153,995","76,963","230,958","8,939","74,853","83,791","314,749"
"Jan 2004","201,652","72,975","274,627","9,468","92,861","102,329","376,956"
"Dec 2003","210,094","83,941","294,035","11,053","100,933","111,986","406,021"
"Nov 2003","216,379","82,449","298,828","10,475","115,590","126,065","424,893"
"Oct 2003","230,527","84,952","315,479","7,057","114,289","121,345","436,824"
"Sep 2003","206,315","65,926","272,241","7,738","99,833","107,570","379,811"
"Aug 2003","206,910","75,338","282,248","8,797","99,673","108,469","390,717"
"Jul 2003","231,118","80,972","312,090","8,038","110,558","118,596","430,686"
"Jun 2003","204,344","70,992","275,336","9,348","71,760","111,180","386,516"
"May 2003","196,565","76,606","273,171","10,472","104,744","115,215","388,386"
"Apr 2003","200,476","75,295","275,771","11,552","113,463","125,015","400,786"
"Mar 2003","179,800","82,797","262,597","9,990","83,945","93,935","356,532"
"Feb 2003","158,863","67,645","226,508","10,480","85,619","96,098","322,606"
"Jan 2003","168,186","57,626","225,812","2,716","105,818","108,534","334,346"
"Dec 2002","186,243","64,262","250,505","1,857","109,438","111,457","361,962"
"Nov 2002","179,463","64,946","244,409","2,307","87,419","90,740","335,149"
"Oct 2002","163,776","40,608","204,384","1,137","95,797","96,934","301,318"
"Sep 2002","188,874","53,924","242,798","1,745","95,796","97,541","340,339"
"Aug 2002","234,592","71,086","305,678","3,217","118,341","121,558","427,236"
"Jul 2002","249,618","70,500","320,118","4,254","127,546","131,799","451,917"
"Jun 2002","236,112","75,814","311,926","3,043","104,009","107,051","418,977"
"May 2002","231,382","84,062","315,444","4,971","107,783","112,589","428,033"
"Apr 2002","227,953","87,960","315,913","4,373","89,914","94,287","410,200"
"Mar 2002","171,874","87,845","259,719","5,525","78,362","83,887","343,606"
"Feb 2002","202,276","83,333","285,609","4,303","73,070","77,374","362,983"
"Jan 2002","180,528","70,944","251,472","5,896","87,276","93,173","344,645"
"Dec 2001","191,584","83,660","275,244","3,866","80,430","84,299","359,543"
"Nov 2001","193,861","75,879","269,740","3,104","99,267","102,345","372,085"
"Oct 2001","238,185","82,255","320,440","2,207","112,220","114,428","434,868"
"Sep 2001","220,204","76,724","296,928","2,809","88,642","91,451","388,379"
"Aug 2001","221,492","83,301","304,793","1,343","99,726","101,069","405,862"
"Jul 2001","208,179","77,956","286,135","1,662","91,237","92,897","379,032"
"Jun 2001","202,988","78,395","281,383","1,687","79,581","81,275","362,658"
"May 2001","196,120","81,108","277,228","6,341","84,004","90,344","367,572"
"Apr 2001","202,575","76,624","279,199","2,898","84,438","87,329","366,528"
"Mar 2001","195,605","84,349","279,954","3,844","76,481","80,325","360,279"
"Feb 2001","155,148","75,520","230,668","1,746","79,297","81,044","311,712"
"Jan 2001","194,738","77,073","271,811","2,914","79,710","82,622","354,433"
"Dec 2000","180,631","79,351","259,982","3,897","87,509","91,408","351,390"
"Nov 2000","213,065","90,756","303,821","4,147","102,929","107,076","410,897"
"Oct 2000","235,511","88,541","324,052","3,524","105,356","108,880","432,932"
"Sep 2000","208,880","80,875","289,755","4,733","93,106","97,838","387,593"
"Aug 2000","236,969","86,012","322,981","2,853","108,906","111,760","434,741"
"Jul 2000","224,865","86,874","311,739","2,707","95,552","98,240","409,979"
"Jun 2000","203,004","83,305","286,309","4,652","83,938","88,586","374,895"
"May 2000","218,016","97,770","315,786","5,655","85,330","90,986","406,772"
"Apr 2000","200,724","91,014","291,738","6,490","68,237","74,727","366,465"
"Mar 2000","178,489","97,871","276,360","4,659","69,745","74,404","350,764"
"Feb 2000","177,362","81,893","259,255","5,950","70,010","75,961","335,216"
"Jan 2000","178,672","80,091","258,763","3,825","76,555","80,380","339,143"
"Dec 1999","185,572","86,697","272,269","5,063","87,907","92,971","365,240"
"Nov 1999","209,444","91,201","300,645","5,508","91,150","96,656","397,301"
"Oct 1999","204,242","84,349","288,591","6,483","101,345","107,829","396,420"
"Sep 1999","219,080","82,308","301,388","2,890","98,433","101,322","402,710"
"Aug 1999","214,709","80,581","295,290","3,304","100,711","104,015","399,305"
"Jul 1999","188,586","74,155","262,741","7,013","78,207","85,220","347,961"
"Jun 1999","194,410","78,962","273,372","7,196","93,408","100,603","373,975"
"May 1999","205,640","87,553","293,193","4,958","96,317","101,274","394,467"
"Apr 1999","181,575","77,040","258,615","3,584","60,622","81,071","339,686"
"Mar 1999","171,913","88,699","260,612","4,659","82,704","87,362","347,974"
"Feb 1999","172,482","80,000","252,482","3,905","67,743","71,647","324,129"
"Jan 1999","169,397","77,676","247,073","5,928","66,310","72,239","319,312"
"Dec 1998","166,532","87,527","254,059","8,399","74,191","82,589","336,648"
"Nov 1998","192,661","84,291","276,952","7,809","83,380","91,189","368,141"
"Oct 1998","180,719","77,171","257,890","5,011","84,560","89,572","347,462"
"Sep 1998","198,945","73,784","272,729","7,738","92,277","100,017","372,746"
"Aug 1998","195,413","77,416","272,829","8,883","90,905","99,786","372,615"
"Jul 1998","199,138","80,950","280,088","10,599","88,027","98,626","378,714"
"Jun 1998","183,019","82,615","265,634","11,628","77,774","89,402","355,036"
"May 1998","163,640","84,381","248,021","11,923","71,675","83,598","331,619"
"Apr 1998","172,247","87,271","259,518","8,553","68,853","77,406","336,924"
"Mar 1998","167,712","88,518","256,230","8,191","68,913","77,104","333,334"
"Feb 1998","132,117","77,303","209,420","8,932","57,824","66,756","276,176"
"Jan 1998","144,758","72,420","217,178","10,532","60,564","71,096","288,274"
"Dec 1997","145,840","91,138","236,978","9,070","54,946","64,014","300,992"
"Nov 1997","146,354","96,568","242,922","7,021","61,048","68,070","310,992"
"Oct 1997","169,995","87,101","257,096","5,266","52,594","57,860","314,956"
"Sep 1997","183,914","90,761","274,675","5,454","52,353","57,795","332,470"
"Aug 1997","160,215","87,518","247,733","5,919","43,970","49,775","297,508"
"Jul 1997","169,964","96,244","266,208","5,866","42,926","48,792","315,000"
"Jun 1997","165,763","100,262","266,025","8,524","35,080","43,604","309,629"
"May 1997","143,330","91,734","235,064","8,927","34,026","42,953","278,017"
"Apr 1997","146,110","92,893","239,003","9,216","28,615","37,931","276,934"
"Mar 1997","125,040","106,556","231,596","11,819","30,493","42,326","273,922"
"Feb 1997","126,804","87,586","214,390","8,452","27,432","35,884","250,274"
"Jan 1997","123,456","78,965","202,421","8,349","33,135","41,484","243,905"
"Dec 1996","133,087","100,557","233,644","8,744","28,993","37,737","271,381"
"Nov 1996","125,971","86,338","212,309","6,566","33,344","39,910","252,219"
"Oct 1996","150,796","89,676","240,472","6,025","38,365","44,390","284,862"
"Sep 1996","147,405","82,123","229,528","","","48,001","277,529"
"Aug 1996","139,554","82,965","222,519","","","46,353","268,872"
"Jul 1996","146,839","83,146","229,985","","","36,962","266,947"
"Jun 1996","132,419","89,889","222,308","","","40,016","262,324"
"May 1996","120,002","87,242","207,244","","","32,777","240,021"
"Apr 1996","127,583","100,782","228,365","","","29,775","258,140"
"Mar 1996","101,338","101,382","202,720","","","27,480","230,200"
"Feb 1996","113,349","90,233","203,582","","","23,322","226,904"
"Jan 1996","109,235","87,554","196,789","","","31,147","227,936"
"Dec 1995","104,146","92,793","196,939","","","36,927","233,866"
"Nov 1995","109,200","89,899","199,099","","","44,000","243,099"
"Oct 1995","134,836","92,769","227,605","","","43,982","271,587"
"Sep 1995","114,541","81,469","196,010","","","46,443","242,453"
"Aug 1995","127,944","89,354","217,298","","","46,836","264,134"
"Jul 1995","127,008","88,173","215,181","","","40,852","256,033"
"Jun 1995","113,419","83,817","197,236","","","30,462","227,698"
"May 1995","113,688","91,226","204,914","","","35,462","240,376"
"Apr 1995","110,518","86,879","197,397","","","29,534","226,931"
"Mar 1995","94,125","83,964","178,089","","","28,349","206,438"
"Feb 1995","99,121","81,879","181,000","","","35,102","216,102"
"Jan 1995","104,774","74,091","178,865","","","36,030","214,895"
"Dec 1994","107,225","77,357","184,582","","","38,716","223,298"
"Nov 1994","113,356","74,013","187,369","","","48,212","235,581"
"Oct 1994","130,606","74,101","204,707","","","52,379","257,086"
"Sep 1994","107,289","64,024","171,313","","","42,823","214,136"
"Aug 1994","120,672","74,261","194,933","","","46,200","241,133"
"Jul 1994","119,556","74,035","193,591","","","42,251","235,842"
"Jun 1994","107,018","71,527","178,545","","","35,949","214,494"
"May 1994","110,543","76,240","186,783","","","40,529","227,312"
"Apr 1994","88,647","58,949","147,596","","","28,217","175,813"
"Mar 1994","89,796","68,482","158,278","","","33,470","191,748"
"Feb 1994","85,334","68,482","153,816","","","30,810","173,534"
"Jan 1994","92,327","55,111","147,438","","","36,412","183,850"
"Dec 1993","85,506","61,255","146,761","","","39,831","186,592"
"Nov 1993","100,112","52,271","152,383","","","41,535","193,918"
"Oct 1993","102,581","55,561","158,142","","","46,736","204,878"
"Sep 1993","99,659","53,852","153,511","","","40,513","194,024"
"Aug 1993","109,768","60,641","170,409","","","44,234","214,643"
"Jul 1993","90,361","50,332","140,693","","","33,793","174,486"
"Jun 1993","88,282","52,203","140,485","","","32,042","172,527"
"May 1993","84,150","52,934","137,084","","","31,089","168,173"
"Apr 1993","74,272","44,511","118,783","","","25,990","144,773"
"Mar 1993","84,445","54,626","139,071","","","26,829","165,900"
"Feb 1993","60,213","40,002","100,215","","","25,807","126,022"
"Jan 1993","69,508","37,437","106,945","","","26,610","133,555"
"Dec 1992","75,584","49,052","124,636","","","31,423","156,059"
"Nov 1992","75,415","46,190","121,605","","","32,066","153,671"
"Oct 1992","83,401","44,792","128,193","","","33,539","161,732"
"Sep 1992","83,697","43,876","127,573","","","34,881","162,454"
"Aug 1992","78,129","44,419","122,548","","","34,989","157,537"
"Jul 1992","80,306","44,204","124,510","","","30,887","155,397"
"Jun 1992","81,134","50,093","131,227","","","30,510","161,737"
"May 1992","70,798","46,400","117,198","","","28,867","146,065"
"Apr 1992","70,929","46,953","117,882","","","23,568","141,450"
"Mar 1992","74,886","54,939","129,825","","","23,964","153,789"
"Feb 1992","66,700","45,690","112,390","","","21,012","133,402"
"Jan 1992","72,396","47,232","119,628","","","26,536","146,164"
"Dec 1991","73,207","42,741","115,948","","","28,910","144,858"
"Nov 1991","79,954","44,287","124,241","","","29,170","153,411"
"Oct 1991","99,992","51,755","151,747","","","40,198","191,945"
"Sep 1991","79,301","43,331","122,632","","","28,500","151,132"
"Aug 1991","75,292","42,562","117,854","","","29,553","147,407"
"Jul 1991","89,778","49,654","139,432","","","27,444","166,876"
"Jun 1991","74,143","47,876","122,019","","","23,988","146,007"
"May 1991","88,517","53,978","142,495","","","19,650","162,145"
"Apr 1991","69,988","52,272","122,260","","","17,099","139,359"
"Mar 1991","56,791","44,778","101,569","","","14,527","116,096"
"Feb 1991","62,427","39,901","102,328","","","20,563","122,891"
"Jan 1991","63,739","43,181","106,920","","","18,782","125,702"
"Dec 1990","60,298","38,853","99,151","","","21,353","120,504"
"Nov 1990","64,429","38,113","102,542","","","21,872","124,414"
"Oct 1990","80,234","43,163","123,397","","","28,736","152,133"
"Sep 1990","66,431","36,996","103,427","","","24,396","127,823"
"Aug 1990","72,065","41,751","113,816","","","26,404","140,220"
"Jul 1990","75,135","40,300","115,435","","","23,782","139,217"
"Jun 1990","66,149","36,094","102,243","","","20,988","123,231"
"May 1990","71,665","48,389","120,054","","","26,311","146,365"
"Apr 1990","65,114","46,915","112,029","","","21,829","133,858"
"Mar 1990","63,278","46,132","109,410","","","23,479","132,889"
"Feb 1990","57,542","40,826","98,368","","","20,156","118,524"
"Jan 1990","71,890","41,205","113,095","","","25,805","138,900"
"Dec 1989","63,877","36,245","100,122","","","28,298","128,420"
"Nov 1989","77,742","43,229","120,971","","","35,544","156,515"
"Oct 1989","75,310","38,949","114,259","","","33,877","148,136"
"Sep 1989","65,062","31,565","96,627","","","29,356","125,983"
"Aug 1989","80,138","43,673","123,811","","","33,070","156,881"
"Jul 1989","67,663","35,795","103,458","","","23,355","126,813"
"Jun 1989","62,437","38,694","101,131","","","24,211","125,342"
"May 1989","69,481","44,867","114,348","","","24,491","138,839"
"Apr 1989","54,290","37,269","91,559","","","18,492","110,051"
"Mar 1989","56,629","41,236","97,865","","","20,822","118,687"
"Feb 1989","55,946","36,897","92,843","","","22,424","115,267"
"Jan 1989","62,071","36,405","98,476","","","25,707","124,183"
"Dec 1988","64,214","35,377","99,591","","","28,586","128,177"
"Nov 1988","73,393","41,929","115,322","","","33,959","149,281"
"Oct 1988","65,134","34,709","99,843","","","29,908","129,751"
"Sep 1988","64,664","34,985","99,649","","","28,044","127,693"
"Aug 1988","76,832","42,873","119,705","","","32,384","152,089"
"Jul 1988","67,196","37,178","104,374","","","21,509","125,883"
"Jun 1988","67,016","41,711","108,727","","","22,951","131,678"
"May 1988","62,641","40,463","103,104","","","21,259","124,363"
"Apr 1988","54,212","37,255","91,467","","","19,880","111,347"
"Mar 1988","61,287","44,084","105,371","","","23,923","129,294"
"Feb 1988","58,229","32,991","91,220","","","17,620","108,840"
"Jan 1988","61,545","36,241","97,786","","","23,621","121,407"
"Dec 1987","55,341","33,516","88,857","","","25,404","114,261"
"Nov 1987","63,805","34,528","98,333","","","29,823","128,156"
"Oct 1987","65,637","30,501","96,138","","","32,140","128,278"
"Sep 1987","67,801","31,466","99,267","","","32,010","131,277"
"Aug 1987","66,848","29,629","96,477","","","33,107","129,584"
"Jul 1987","64,843","30,503","95,346","","","30,636","125,982"
"Jan-Jul 1987","356,126","177,312","533,438","","","169,311","702,749"