date,total_loaded_lb_x,total_empties_la_x,cpi_all,cpi_food,cpi_apparel,cpi_vehicles,cpi_pharma,cpi_household,importprice,gscpi,bdi,total_empties_la_y,total_loaded_lb_y,total_loaded_inbound,total_loaded_outbound,total_empty_inbound,total_empty_outbound,total_teus,total_loaded,total_empties
2015-01,,,234.747,245.764,126.129,146.104,441.351,235.735,126.0,-0.5043534959658189,,145855.5,312129,472873.45,222827.25,16652.25,246565.25,958917.2,267943.7,117361
2015-02,,,235.342,246.056,125.96,146.316,441.101,236.2,125.5,-0.3189377079003075,,116631.5,315173,458687.3,242517.5,12223.75,202349.75,915777.3,259956.05,97941
2015-03,,,235.976,245.685,126.626,146.672,442.943,236.602,125.3,-0.3820198770268562,,215429.3,444857,748418.05,272873.25,20153.3,380503.0,1421947.6,439209.35,185227
2015-04,,,236.222,245.615,126.39,147.024,445.822,237.086,125.1,-0.3504476682638204,,189177.25,454922,645516.25,283201.75,19467.5,329647.75,1277833.25,339593.75,159938
2015-05,,,237.001,245.886,125.831,147.327,446.743,237.21,126.5,-0.5474628820996832,,193447.05,463172,675744.0,288772.0,18648.3,346876.75,1330041.05,359685.3,172078
2015-06,,,237.657,246.511,125.51,147.489,446.33,237.804,126.6,-0.8665682909031791,,209544.85,425412,665897.5,271772.25,14915.1,352838.75,1305423.6,377780.6,158209
2015-07,,,238.034,246.733,125.689,147.462,446.953,238.334,125.4,-0.4081899684497569,,212098.1,489787,696539.85,280277.0,17884.1,394672.0,1389371.95,362001.95,200457
2015-08,,,238.033,247.295,126.166,147.41,446.612,238.7,123.2,-0.6803835522016591,,234927.4,497027,766066.4,282701.0,17683.4,423870.0,1490319.8,417318.8,206625
2015-09,,,237.498,247.984,126.011,147.611,447.648,239.236,121.9,-0.3968204266068451,,233029.4,458548,705900.5,249925.0,21353.9,408748.5,1385930.9,383963.4,197076
2015-10,,,237.733,248.288,125.323,147.481,450.681,239.593,121.5,-0.2383681092365776,,211023.65,436303,666596.5,263271.75,25216.15,369488.5,1324572.9,372415.65,183681
2015-11,,,238.017,248.075,125.724,147.466,452.225,240.001,120.8,-0.6387667502080359,,209525.0,431371,665077.45,266737.25,18391.1,379461.9,1329667.7,368714.55,188328
2015-12,,,237.761,247.761,126.042,147.272,452.732,240.224,119.3,-0.5968316663148125,,173629.95,422120,617409.7,257357.0,19141.2,328816.75,1222724.65,331046.9,174328
2016-01,,,237.652,247.967,124.999,146.706,454.194,240.673,117.8,-0.7952865391641585,,210949.15,385230,645699.8,232979.5,17220.9,344685.25,1240586.45,375215.7,150958
2016-02,,,237.336,248.244,125.898,147.374,456.922,241.124,117.2,-0.7507195369667566,,194487.95,418880,668614.3,269498.75,17537.95,319482.0,1275133.0,383368.25,142532
2016-03,,,238.08,247.699,125.843,147.443,457.723,241.587,117.7,-0.6530671060361121,,166269.45,334845,494866.25,286572.5,19457.45,276823.0,1077718.2,296849.7,130010
2016-04,,,238.992,247.906,125.782,147.213,459.245,242.071,118.5,-0.2742565089598152,,168499.2,360121,590890.1,256908.75,17036.45,270183.75,1135019.05,354203.55,118721
2016-05,,,239.557,247.575,126.707,147.175,460.487,242.833,119.9,-0.7069294805528341,,207156.35,469233,731404.95,301081.0,19296.1,359193.25,1410975.3,411709.05,171333
2016-06,,,240.222,247.42,126.276,147.046,462.09,243.515,120.7,-0.2855517152891921,,179822.5,441625,669148.9,268660.5,17027.25,324510.25,1279345.9,365177.15,161714
2016-07,,,240.101,247.406,125.881,147.303,464.439,244.224,120.8,-0.1663994150887617,,186704.95,468420,694304.85,275302.0,20640.75,334735.2,1324982.8,379453.6,168671
2016-08,,,240.545,247.479,126.148,147.335,469.02,244.911,120.5,0.0948162996863259,,234560.9,480872,732991.85,312252.0,20443.4,374275.5,1439961.75,423190.25,160157
2016-09,,,241.176,247.528,125.914,147.482,469.816,245.755,120.6,-0.2913512206201005,,213652.65,403328,671903.5,265479.25,18558.75,338569.9,1294511.4,399978.25,143476
2016-10,,,241.741,247.596,126.521,147.784,469.749,246.48,121.2,-0.0514032161005806,,230857.2,423481,714022.05,293176.25,19601.8,369583.4,1396382.5,428196.85,158327
2016-11,,,242.026,247.525,126.605,147.737,469.914,246.985,121.1,-0.3037287543305988,,263154.25,391507,707660.2,298256.75,19816.15,386139.1,1411872.2,448311.35,142801
2016-12,,,242.637,247.53,126.185,147.686,470.539,247.543,121.6,-0.2176410894852285,,237418.6,394532,665816.15,287833.5,18498.5,373317.1,1345465.25,404880.65,154397
2017-01,,,243.618,247.9,126.044,148.166,471.484,248.164,122.3,0.1698297785822642,,248796.85,417224,714412.7,280654.0,20142.6,394119.25,1409328.55,428397.3,165465
2017-02,,,244.006,248.513,126.058,148.284,473.139,248.807,122.7,0.1510497347041479,,171048.55,369570,548733.95,275168.65,15355.8,284434.75,1123693.15,308581.75,128742
2017-03,,,243.892,249.02,126.397,148.053,473.685,249.098,122.5,0.0799246501959897,,223203.0,369969,623082.95,312206.75,18849.0,339767.0,1293905.7,385636.95,135413
2017-04,,,244.193,249.381,126.301,148.147,473.007,249.8,122.8,0.012140404084739,,185052.65,404467,660247.9,273921.5,15856.75,322742.9,1272769.05,381516.65,153547
2017-05,,,244.004,249.711,125.651,147.786,472.981,250.408,122.7,-0.1387995922879802,,213556.4,455380,749615.3,288425.0,17774.65,388689.75,1444504.7,424501.95,192908
2017-06,,,244.163,249.519,125.508,147.097,474.492,250.933,122.4,0.0907903291810094,,213232.75,453632,707600.1,263831.5,16743.5,401584.25,1389759.35,382783.6,205095
2017-07,,,244.243,249.937,125.368,146.198,476.279,251.21,122.2,0.0930965524529194,,224787.5,504918,795910.75,281023.75,17467.2,422714.3,1517116.0,427677.95,215394
2017-08,,,245.183,250.21,125.39,146.097,477.199,252.086,122.9,0.391493774979595,,256180.9,473005,788194.15,276487.0,15892.65,459658.25,1540232.05,443038.8,219370
2017-09,,,246.435,250.587,125.759,145.747,477.19,252.603,123.9,0.5559531646415311,,246668.95,491634,754968.05,253781.5,14961.2,441692.75,1465403.5,398366.25,209985
2017-10,,,246.626,250.816,125.961,145.474,477.671,253.292,124.1,0.7946991511283857,,221167.45,465163,722398.0,270359.75,20252.7,404969.75,1417980.2,397958.7,204055
2017-11,,,247.284,250.996,125.024,145.901,477.791,253.798,125.3,0.8130710910481517,,282621.85,445574,782900.9,304277.0,18300.35,431406.5,1536884.75,475788.25,167085
2017-12,,,247.805,251.49,124.234,146.79,478.891,254.575,125.5,0.6880168178209334,,240853.4,483170,731213.05,290314.5,19576.0,435026.4,1476129.95,397301.05,213749
2018-01,,,248.859,252.116,124.855,147.787,480.797,255.117,126.5,0.5902000072882349,,235861.3,445159,747487.95,270538.25,15541.8,432990.5,1466558.5,432128.75,212671
2018-02,,,249.529,252.038,125.839,147.386,481.6,255.827,126.8,0.0617403865095039,,184378.65,473163,725336.55,288507.25,17257.4,355749.25,1386850.45,392682.95,188628
2018-03,,,249.577,252.154,126.489,147.475,483.078,256.508,126.5,0.4378420455880411,,149699.2,410243,532284.05,306125.65,19620.2,295094.0,1153123.9,273842.25,165015
2018-04,,,250.227,252.661,127.326,145.964,483.577,257.232,127.1,0.5191306854406135,,179724.0,454175,673484.3,306502.65,22372.0,321617.0,1323974.95,372526.3,164264
2018-05,,,250.792,252.634,127.464,145.786,484.543,257.894,128.2,0.3788056550516838,,194536.8,503468,766642.8,311092.75,19179.8,359316.0,1456231.35,417372.6,183959
2018-06,,,251.018,252.968,126.384,145.769,486.209,258.004,128.2,0.4367090203189276,,192613.9,519263,767059.0,282731.25,17876.15,407664.75,1475330.15,393365.15,232926
2018-07,,,251.214,253.365,125.676,145.466,485.246,258.594,128.1,0.4492399221251234,,227411.55,467483,785900.55,287738.75,23629.05,424757.5,1522025.85,454681.6,220975
2018-08,,,251.663,253.677,123.451,145.491,484.273,259.39,127.6,0.5329551609606414,,243599.65,462575,763602.25,282011.5,27770.15,432797.5,1506181.4,440676.4,216968
2018-09,,,252.182,254.103,125.143,145.434,485.039,259.582,127.7,0.4688056920968355,,239983.15,478862,771582.5,268560.5,23956.9,438369.25,1502469.15,431310.4,222343
2018-10,,,252.772,254.012,126.021,145.457,485.652,260.391,128.3,0.5340281736103151,,292906.3,483921,849907.55,293660.9,24256.3,490137.0,1657961.75,504387.85,221487
2018-11,,,252.594,254.732,125.099,146.183,487.615,261.054,126.2,0.4578105115990256,,257011.25,435651,742669.65,268301.0,22472.5,420721.75,1454164.9,439966.15,186183
2018-12,,,252.767,255.681,124.356,147.281,488.82,262.124,124.4,0.4662801375042306,,286386.9,486427,842003.85,261294.4,22145.4,519461.5,1644905.15,482353.25,255220
2019-01,,,252.561,256.302,124.466,147.792,489.968,262.46,124.6,0.5134029424601283,,277533.75,441126,753760.75,262281.0,22097.75,471596.0,1509735.5,445730.5,216160
2019-02,,,253.319,256.998,124.526,147.755,490.16,263.144,125.9,0.1490073628579477,,214436.3,408152,651180.75,247841.5,21968.8,380932.5,1301923.55,364550.55,188465
2019-03,,,254.277,257.374,123.666,148.452,491.412,263.951,126.6,0.2179506700529828,,194866.45,378475,544225.95,290359.75,22899.95,346312.5,1203798.15,311053.9,174346
2019-04,,,255.233,257.018,123.901,147.686,492.97,264.649,126.8,0.0229621510317105,,220188.55,441687,678627.65,279336.75,24311.85,382310.7,1364587.95,378343.5,186435
2019-05,,,255.296,257.523,123.764,147.143,494.859,265.129,127.0,-0.6170289057558144,,233515.9,411145,718357.0,287934.25,17411.4,378583.5,1402286.15,440313.4,162479
2019-06,,,255.213,257.664,124.75,146.697,495.745,265.866,125.6,-0.469107970701225,,229152.75,465450,727923.5,273151.0,15738.5,425132.25,1441945.25,405824.0,211718
2019-07,,,255.802,257.836,124.731,146.081,497.714,266.527,125.6,-0.4451205461088398,,274375.7,425004,789788.2,272994.25,16028.7,455123.0,1533935.15,487604.9,196777
2019-08,,,256.036,258.046,124.532,145.841,500.662,266.832,124.9,-0.2851277897880911,,277183.55,447755,760393.25,271259.0,18632.55,474789.0,1525073.8,449085.8,216238
2019-09,,,256.43,258.575,124.795,145.559,501.71,267.574,125.0,0.1393875801950983,,246814.4,478134,757238.85,253983.5,16966.9,458668.5,1486857.75,414680.75,228821
2019-10,,,257.155,259.088,123.489,145.596,506.433,267.93,124.5,0.0977542887344155,,237088.4,468697,729830.6,271966.5,14811.9,442005.5,1458613.5,402425.5,219728
2019-11,,,257.879,259.624,123.55,146.098,508.315,268.444,124.7,0.1556736496218698,,219023.7,416992,664636.7,262249.5,15350.95,386665.75,1328901.9,380437.65,182992
2019-12,,,258.63,260.052,122.859,147.316,510.875,268.86,125.0,0.0470492169992371,,243010.25,448626,696742.0,255623.5,18066.25,441579.0,1412011.75,383794.25,216636
2020-01,,,259.127,260.858,122.477,147.877,511.854,269.689,125.2,0.0616475558424164,,243206.9,418585,724691.85,256830.0,18467.65,432983.25,1432972.75,425761.5,208244
2020-02,,,259.25,261.567,122.952,148.23,512.967,270.365,124.3,1.305139903359892,,139543.75,374151,518617.05,260027.5,18001.0,285819.75,1082465.3,278735.05,164277
2020-03,,,258.076,262.239,121.558,147.67,514.743,270.321,121.3,2.660876575716764,,108167.75,380012,454824.55,266588.0,23704.75,222115.0,967232.3,231607.3,137652
2020-04,,,256.032,265.777,117.065,146.838,516.77,270.366,118.2,3.3597119426134783,,188566.75,356042,623651.0,232823.25,21833.0,330422.75,1208729.0,374186.0,163688
2020-05,,,255.802,267.464,114.244,146.749,519.152,270.785,119.0,2.546631442544306,,170959.75,447145,618913.0,238938.0,9262.0,342757.75,1209869.75,306366.0,181060
2020-06,,,257.042,268.849,115.665,146.449,520.867,271.26,120.6,2.246200403170443,,212700.75,418252,669902.9,227123.75,11368.0,385260.75,1293655.4,369256.9,183928
2020-07,,,258.352,267.824,116.576,146.961,522.675,271.942,122.1,2.9733912804024776,,274006.7,515408,832835.7,264955.7,13923.0,497756.7,1609470.15,457196.7,237672
2020-08,,,259.316,268.271,116.907,146.898,522.922,272.539,123.2,1.4940842312423177,,314118.05,490969,881077.95,257605.75,14429.8,534330.25,1687442.75,517024.75,234642
2020-09,,,259.997,268.354,117.157,147.137,522.947,272.895,123.4,0.6307046276143272,,281433.55,518173,877412.5,242952.75,16222.05,542617.5,1679204.8,476681.55,277406
2020-10,,,260.319,269.007,117.158,147.907,520.943,273.154,123.3,0.1149621895243625,,330179.6,517086,909021.2,258614.75,18727.6,600968.0,1787331.55,510812.8,289517
2020-11,,,260.911,269.066,117.411,148.443,520.567,273.806,123.4,0.7750284847037366,,294009.95,499960,847496.7,248199.5,14364.7,533209.25,783523.0,466067.4,283563
2020-12,,,262.045,270.088,117.967,150.089,519.866,274.303,124.6,1.711980288255203,,298056.05,538446,866937.0,252639.0,15378.3,560117.75,1695071.05,462655.3,277440
2021-01,,,262.639,270.525,119.233,149.989,521.774,274.435,126.5,1.3633997720523066,,278580.25,480509,801864.2,235580.75,13531.0,548547.25,1599522.2,437863.2,283497
2021-02,,,263.573,270.798,118.398,149.941,523.455,275.136,128.0,1.9923338759914253,,285223.0,493172,786640.25,220624.15,14402.25,549383.75,1571050.4,414154.5,278563
2021-03,,,264.847,271.083,118.481,149.842,523.943,276.028,129.9,2.316365481075961,,344585.25,547882,898287.0,262609.0,16838.25,620251.0,1797986.25,493465.25,292505
2021-04,,,266.625,272.061,119.495,149.757,524.39,277.441,131.1,2.8149111035983165,,342391.0,491220,857277.85,238517.5,16131.75,581228.25,1693154.35,494681.6,254968
2021-05,,,268.404,273.142,120.612,151.665,523.935,278.625,132.8,3.0926300880109183,,366447.65,580081,980450.2,245231.0,18153.9,675428.75,1919263.85,540803.1,327135
2021-06,,,270.71,275.189,121.171,154.141,523.117,279.786,134.2,2.815300306354213,,312600.35,474048,824864.25,213013.75,14424.35,548425.0,1600727.35,469553.6,250249
2021-07,,,271.965,276.845,121.318,156.328,524.376,281.076,134.6,2.985921759605149,,329999.45,492890,852300.85,201390.5,15712.7,606241.75,1675644.8,469481.55,291955
2021-08,,,272.752,278.062,121.569,158.108,524.785,282.074,134.3,3.36223172106486,,367413.2,526911,893098.15,220777.0,15490.7,632716.5,1762081.35,488873.85,280794
2021-09,,,273.942,280.26,121.124,159.999,525.098,283.496,134.9,3.4336757002083225,,360091.95,481016,838289.15,186500.5,15002.95,612545.0,1652336.6,469570.1,267456
2021-10,,,276.528,282.727,122.522,162.483,527.688,285.495,136.9,3.984346167502627,,337106.0,507214,852286.65,220465.25,13555.95,606052.05,1692359.9,468713.6,282502
2021-11,,,278.824,284.68,123.62,164.94,529.529,286.923,137.9,4.383438356049823,,325274.65,472215,765837.9,192562.35,12955.4,585593.25,1556947.9,405309.3,273274
2021-12,,,280.806,286.33,124.887,167.732,531.041,288.252,137.4,4.462825104589764,,330466.3,472605,743937.7,184789.75,14797.45,597377.85,1540902.75,387523.15,281709
2022-01,,,282.542,288.611,125.561,168.269,534.649,289.925,140.1,3.76263906836827,,338202.4,512394,816541.7,223245.25,13758.55,612993.85,1666538.35,428474.25,288550
2022-02,,,284.525,291.415,126.129,168.507,536.283,291.442,142.6,2.833068630244592,,338250.55,508270,814407.85,213376.0,14356.6,612183.95,1654324.4,426812.45,288290
2022-03,,,287.467,294.049,126.456,168.643,538.973,293.498,146.8,2.887334341423766,,351697.0,541465,922475.8,225966.25,14177.05,659210.95,1821830.05,497775.85,321691
2022-04,,,288.582,296.59,125.96,169.548,541.35,295.468,147.5,3.5869533506444204,,330809.8,522679,857472.55,221754.0,14489.5,614360.3,1708075.35,458264.05,298039
2022-05,,,291.299,299.751,126.53,170.814,543.521,297.911,148.2,2.7883464884316065,,342284.5,555211,936937.15,243889.5,12392.15,665670.35,1858889.15,501679.3,335778
2022-06,,,295.072,302.783,127.274,171.761,546.84,300.401,148.5,2.4577491194875902,,338041.4,530980,860357.4,209192.5,18230.95,624242.45,1712023.3,448267.35,304433
2022-07,,,294.94,305.859,127.344,172.653,549.967,301.896,146.4,1.8580292825268168,,346072.55,485586,861627.25,213310.0,20143.6,626185.95,1721266.8,490708.85,300257
2022-08,,,295.162,308.423,127.493,174.003,553.036,304.249,144.6,1.5336546940243383,,299393.5,505938,788131.95,223727.25,14508.75,585886.75,1612254.7,405666.7,301001
2022-09,,,296.421,310.391,127.712,175.049,556.558,306.271,143.1,1.0465392772802218,,288731.4,455611,686132.65,190620.25,18806.4,556137.0,1451696.3,345575.05,286212
2022-10,,,297.979,312.58,127.76,176.113,554.071,307.991,142.7,1.1516202255621355,,252400.8,413685,630230.9,209482.75,20874.8,476269.0,1336857.45,340663.7,244743
2022-11,,,298.708,314.067,128.386,176.815,551.402,309.309,141.6,1.2758133475024969,,242147.95,384430,566521.8,215103.75,22242.7,424218.25,1228085.5,311555.5,204313
2022-12,,,298.808,315.353,128.69,177.609,551.943,311.432,141.8,1.3426977264350193,,280307.15,357424,593689.35,212300.0,23807.9,443179.25,1272975.5,359872.25,186680
2023-01,,,300.456,316.972,129.414,177.968,550.887,313.783,141.3,1.0928200630545717,,251250.7,369017,635434.0,208346.25,19778.7,436228.0,1299785.95,378520.7,204755
2023-02,,,301.476,318.127,130.244,178.332,548.946,315.343,141.0,-0.2129316248708574,,156034.7,365889,504377.45,193323.0,15433.2,318388.5,1031521.15,251582.65,177787
2023-03,,,301.643,318.276,130.443,178.924,547.054,316.34,139.9,-1.1510131883359858,,204995.55,412660,599109.95,231788.25,20303.8,375910.75,1227111.75,325953.75,191218
2023-04,,,302.858,318.752,130.436,178.774,547.039,317.414,140.3,-1.2941327254241428,,256219.5,436107,657132.5,210864.75,21011.25,455151.25,1344158.75,347883.75,219943
2023-05,,,303.316,319.515,130.833,178.778,547.452,318.159,139.7,-1.576310228897075,,268249.05,489530,770811.15,229611.0,15505.8,521438.25,1537365.2,411685.95,268695
2023-06,,,304.099,319.98,130.955,178.728,547.487,319.392,139.4,-1.1072844457122182,,289679.3,368833,709631.65,202557.5,16184.55,501737.75,1430111.45,437376.2,228243
2023-07,,,304.615,320.574,131.265,178.722,547.356,320.599,139.4,-0.9450576461762976,,209710.2,361220,635294.3,200506.25,17575.95,409164.25,1262539.75,364850.25,217030
2023-08,,,306.138,321.444,131.268,179.095,547.848,321.619,140.3,-1.068468194573864,,269803.95,418838,758660.25,218389.5,18035.95,515243.0,1510327.7,435983.2,263474
2023-09,,,307.374,321.902,130.56,179.488,548.636,323.299,141.0,-0.6519497791160455,,235196.5,510174,801534.35,221883.25,19892.0,534559.5,1577869.1,394052.35,319255
2023-10,,,307.653,322.975,131.257,179.41,549.746,324.182,140.1,-0.3657463428281426,,232043.25,453373,735754.8,211349.5,14926.0,518894.25,1480924.55,372563.8,301777
2023-11,,,308.087,323.296,130.192,179.196,552.23,325.457,139.4,0.1679670056478608,,266888.15,464137,739957.85,220552.75,15204.9,518580.25,1494294.75,384759.75,266896
2023-12,,,308.735,323.898,130.269,179.374,554.294,326.476,138.4,-0.1629928622776023,,256283.25,437017,697990.0,225262.75,15828.0,513258.25,1452338.0,364852.0,272802
2024-01,,,309.794,325.014,129.554,179.273,556.567,328.362,139.4,-0.3436856814710733,,287335.5,411864,767102.05,213078.75,13161.0,536325.5,1529667.3,441942.05,262151
2024-02,,,311.022,325.257,130.223,179.106,556.727,329.645,139.7,-0.1882294181702537,,239915.5,417323,738614.1,220228.5,13069.0,484246.5,1456157.1,408903.1,257400
2024-03,,,312.107,325.455,130.962,178.803,559.182,331.013,140.5,-0.3477646023813629,,219157.7,407619,682062.55,249816.8,16732.45,448889.25,1397499.05,380560.0,246463
2024-04,,,313.016,325.86,132.098,178.164,561.416,331.746,141.7,-0.9509814091239708,,220362.0,462931,781593.85,231312.25,13523.0,494332.0,1520761.1,417181.85,287493
2024-05,,,313.14,326.306,131.816,177.42,564.235,332.654,141.5,-0.575705947857366,,236267.85,446156,735933.7,226847.75,14357.85,471692.0,1448830.3,391130.55,249781
2024-06,,,313.131,327.089,131.798,177.149,565.299,333.42,141.6,-0.3445684321727336,,276489.25,517998,848450.8,220815.0,14451.0,586486.25,1670203.05,429297.8,324448
2024-07,,,313.566,327.565,131.448,176.895,564.919,334.521,141.8,-0.0467397631412287,,323430.7,539914,936361.9,219722.75,17317.45,648575.25,1821976.35,501639.35,342462
2024-08,,,314.131,328.057,131.581,176.95,564.364,335.606,141.4,0.2062941225582039,,329490.6,561513,966230.7,226389.75,14946.6,666904.0,1874470.05,510699.3,352360
2024-09,,,314.851,329.075,132.886,177.176,566.497,336.524,140.9,0.1038261953598264,,342201.1,505288,914802.05,202991.25,15465.85,650946.25,1784205.4,499886.9,324211
2024-10,,,315.564,329.809,131.706,177.141,567.835,337.759,141.1,-0.3428629776289925,,319569.75,600408,950303.25,235560.75,15158.25,691193.5,1892216.75,463252.5,386782
2024-11,,,316.449,330.809,131.814,177.974,569.16,338.894,141.3,-0.2816048300481631,,302033.35,551905,890987.7,243200.0,15544.85,618738.5,1768469.05,458403.55,332249
2024-12,,,317.603,331.642,131.986,178.62,569.902,339.853,141.4,-0.2628874566360383,,350217.5,513668,873791.5,211275.75,14880.0,682675.5,1782622.75,461312.5,347338
2025-01,,,319.086,332.84,130.16,178.683,571.234,340.995,141.8,-0.1824916236188232,,327143.0,570303,955480.25,211925.75,13369.0,696204.0,1876978.0,483975.25,382430
2025-02,,,319.775,333.45,130.935,178.551,572.797,342.32,142.1,-0.0006533998972406,,279005.5,458695,781905.25,199182.25,14430.0,571265.5,1566783.0,413269.25,306690
2025-03,,,319.615,334.859,131.415,178.724,573.966,343.292,141.6,-0.1807117144680195,,269900.45,484625,766092.5,227037.75,18275.25,584457.2,1595862.7,386592.75,332833
2025-04,,,320.321,334.616,131.156,178.709,576.785,344.919,141.7,-0.2467751360986966,,275182.65,513670,859058.0,222236.0,18022.15,610984.5,1710299.65,439884.15,353823
2025-05,,,320.58,335.489,130.599,178.188,578.236,345.867,141.0,0.2762301692054943,,240472.35,381265,655066.25,202345.0,15837.6,482529.75,1355778.6,356363.85,257895
2025-06,,,321.5,336.555,131.161,177.589,580.978,346.957,140.7,0.1259900400243115,,295745.75,436308,819130.75,213771.25,13246.0,550594.75,1596742.75,470597.75,268095
2025-07,,,322.132,336.718,131.253,177.62,584.77,347.713,141.0,0.0942239617533653,,354602.5,559408,1011808.8,212835.0,13977.0,725449.5,1964069.3,544230.8,384824
2025-08,,,323.364,338.285,131.912,178.111,583.832,348.967,141.4,-0.0359226708974772,,326462.15,536278,944832.25,223338.75,15463.65,676565.5,1860201.15,504970.9,365568
2025-09,,,,,,,,,,0.0272815453086408,,308316.5,473165,848127.75,199774.0,15666.0,617022.5,1680590.25,460319.75,324372
